-- alimentando a tabela SISTEMA_PLANETARIO com dados
INSERT INTO SISTEMA_PLANETARIO (NOME, GALAXIA, DISTANCIA, IDADE_ESTIMADA, TIPO_ESTRELA_CENTRAL)
VALUES ('Sistema Solar', 'Via Lactea', 0, 4.6, 'Ana Amarela');

INSERT INTO SISTEMA_PLANETARIO (NOME, GALAXIA, DISTANCIA, IDADE_ESTIMADA, TIPO_ESTRELA_CENTRAL)
VALUES ('Alpha Centauri', 'Alfa Centauri', 4.37, 6.3, 'Ana Amarela');

INSERT INTO SISTEMA_PLANETARIO (NOME, GALAXIA, DISTANCIA, IDADE_ESTIMADA, TIPO_ESTRELA_CENTRAL)
VALUES ('Trappist-1', 'Via Lactea', 39.6, 7.6, 'Ana Vermelha');

INSERT INTO SISTEMA_PLANETARIO (NOME, GALAXIA, DISTANCIA, IDADE_ESTIMADA, TIPO_ESTRELA_CENTRAL)
VALUES ('Kepler-186', 'Via Lactea', 500, 4.0, 'Ana Vermelha');

INSERT INTO SISTEMA_PLANETARIO (NOME, GALAXIA, DISTANCIA, IDADE_ESTIMADA, TIPO_ESTRELA_CENTRAL)
VALUES ('Sistema Gliese-163', 'Dorado', 49, 2000, 'Ana Vermelha');

-- alimentando a tabela ESTRELA com dados
-- o campo NOME se refere ao nome do sistema planetario
INSERT INTO ESTRELA (NOME_SISTEMA, GALAXIA, ESTRELA)
VALUES ('Sistema Solar', 'Via Lactea', 'Sol');

INSERT INTO ESTRELA (NOME_SISTEMA, GALAXIA, ESTRELA)
VALUES ('Alpha Centauri', 'Alfa Centauri', 'Alpha Centauri A');

INSERT INTO ESTRELA (NOME_SISTEMA, GALAXIA, ESTRELA)
VALUES ('Alpha Centauri', 'Alfa Centauri', 'Alpha Centauri B');

INSERT INTO ESTRELA (NOME_SISTEMA, GALAXIA, ESTRELA)
VALUES ('Trappist-1', 'Via Lactea', 'Trappist-1-Death');

INSERT INTO ESTRELA (NOME_SISTEMA, GALAXIA, ESTRELA)
VALUES ('Kepler-186', 'Via Lactea', 'D-Stranding');

INSERT INTO ESTRELA (NOME_SISTEMA, GALAXIA, ESTRELA)
VALUES ('Sistema Gliese-163', 'Dorado', 'Gliese-163');

-- alimentando a tabela PLANETA com dados
INSERT INTO PLANETA (ID, SISTEMA_PLANETARIO, GALAXIA, NOME, TEMPERATURA, PRESSAO, CLIMA)
VALUES (1, 'Sistema Solar', 'Via Lactea', 'Terra', 20, 1013, 'Temperado');

INSERT INTO PLANETA (ID, SISTEMA_PLANETARIO, GALAXIA, NOME, TEMPERATURA, PRESSAO, CLIMA)
VALUES (2, 'Sistema Solar', 'Via Lactea', 'Marte', -55, 636, 'Frio');

INSERT INTO PLANETA (ID, SISTEMA_PLANETARIO, GALAXIA, NOME, TEMPERATURA, PRESSAO, CLIMA)
VALUES (3, 'Alpha Centauri', 'Alfa Centauri', 'MineWorld', 1200, 500, 'Quente');

INSERT INTO PLANETA (ID, SISTEMA_PLANETARIO, GALAXIA, NOME, TEMPERATURA, PRESSAO, CLIMA)
VALUES (4, 'Trappist-1', 'Via Lactea', 'CraftWorld', -40, 700, 'Frio');

INSERT INTO PLANETA (ID, SISTEMA_PLANETARIO, GALAXIA, NOME, TEMPERATURA, PRESSAO, CLIMA)
VALUES (5, 'Sistema Gliese-163', 'Dorado', 'Gliese-163 B', -78, 452, 'Frio');

-- alimentando a tabela SATELITE_NATURAL com dados
INSERT INTO SATELITE_NATURAL (PLANETA, SATELITE)
VALUES (1, 'Lua');

INSERT INTO SATELITE_NATURAL (PLANETA, SATELITE)
VALUES (2, 'Fobos');

INSERT INTO SATELITE_NATURAL (PLANETA, SATELITE)
VALUES (3, 'Steve'); -- Exemplo ficticio de satelite natural

INSERT INTO SATELITE_NATURAL (PLANETA, SATELITE)
VALUES (4, 'Creeper'); -- Exemplo ficticio de satelite natural


-- alimentando a tabela COMPOSICAO_ATMOSFERICA com dados
INSERT INTO COMPOSICAO_ATMOSFERICA (PLANETA, ELEMENTO, PORCENTAGEM)
VALUES (1, 'Oxigenio', 21); 

INSERT INTO COMPOSICAO_ATMOSFERICA (PLANETA, ELEMENTO, PORCENTAGEM)
VALUES (1, 'Nitrogenio', 78);

INSERT INTO COMPOSICAO_ATMOSFERICA (PLANETA, ELEMENTO, PORCENTAGEM)
VALUES (2, 'Dioxido de Carbono', 95); 

INSERT INTO COMPOSICAO_ATMOSFERICA (PLANETA, ELEMENTO, PORCENTAGEM)
VALUES (2, 'Nitrogenio', 2.7); 

INSERT INTO COMPOSICAO_ATMOSFERICA (PLANETA, ELEMENTO, PORCENTAGEM)
VALUES (3, 'Helio', 75); 

INSERT INTO COMPOSICAO_ATMOSFERICA (PLANETA, ELEMENTO, PORCENTAGEM)
VALUES (4, 'Metano', 50); 


-- alimentando a tabela CIVILIZACAO com dados
INSERT INTO CIVILIZACAO (NOME, CATEGORIA, CLASSIFICACAO, PLANETA_ORIGEM)
VALUES ('Terraquea', 'H', 'I', 1);

INSERT INTO CIVILIZACAO (NOME, CATEGORIA, CLASSIFICACAO, PLANETA_ORIGEM)
VALUES ('Marciana', 'H', 'II', 2);

INSERT INTO CIVILIZACAO (NOME, CATEGORIA, CLASSIFICACAO, PLANETA_ORIGEM)
VALUES ('AlfaCentauriana', 'A', 'I', 3);

INSERT INTO CIVILIZACAO (NOME, CATEGORIA, CLASSIFICACAO, PLANETA_ORIGEM)
VALUES ('Trappistiana', 'T', 'III', 4);

-- alimentando a tabela CIVILIZACAO_HABITA_PLANETA com dados
INSERT INTO CIVILIZACAO_HABITA_PLANETA (NOME_CIVILIZACAO, CATEGORIA_CIVILIZACAO, PLANETA)
VALUES ('Terraquea', 'H', 1);

INSERT INTO CIVILIZACAO_HABITA_PLANETA (NOME_CIVILIZACAO, CATEGORIA_CIVILIZACAO, PLANETA)
VALUES ('Marciana', 'H', 2);

INSERT INTO CIVILIZACAO_HABITA_PLANETA (NOME_CIVILIZACAO, CATEGORIA_CIVILIZACAO, PLANETA)
VALUES ('AlfaCentauriana', 'A', 3);


-- alimentando a tabela ROTA com dados
INSERT INTO ROTA (ORIGEM, DESTINO, DISTANCIA)
VALUES (1, 2, 100);

INSERT INTO ROTA (ORIGEM, DESTINO, DISTANCIA)
VALUES (2, 3, 50);

INSERT INTO ROTA (ORIGEM, DESTINO, DISTANCIA)
VALUES (3, 4, 30);

INSERT INTO ROTA (ORIGEM, DESTINO, DISTANCIA)
VALUES (4, 5, 80);


-- alimentando a tabela AMEACA com dados
INSERT INTO AMEACA (NOME, DESCRICAO, NIVEL)
VALUES ('Virus Espacial', 'Propaga-se entre sistemas planetarios.', 8);

INSERT INTO AMEACA (NOME, DESCRICAO, NIVEL)
VALUES ('Guerra Intergalactica', 'Conflito armado entre civilizacoes interestelares.', 10);

INSERT INTO AMEACA (NOME, DESCRICAO, NIVEL)
VALUES ('Desastre Ambiental', 'Impacto ambiental de larga escala em um planeta.', 7);

INSERT INTO AMEACA (NOME, DESCRICAO, NIVEL)
VALUES ('Invasao Alienigena', 'Forcas extraterrestres ameacam colonizar planetas.', 9);

INSERT INTO AMEACA (NOME, DESCRICAO, NIVEL)
VALUES ('Colapso do Buraco de Minhoca', 'Possivel colapso de uma rota de buraco de minhoca.', 6);


-- alimentando a tabela BASE_ESPACIAL com dados
INSERT INTO BASE_ESPACIAL (PLANETA, NOME, TIPO, CAPACIDADE, CANAL_COMUNICACAO)
VALUES (1, 'Base Lunar', 'Estacao Orbital', 500, 'Frequencia Lunar');

INSERT INTO BASE_ESPACIAL (PLANETA, NOME, TIPO, CAPACIDADE, CANAL_COMUNICACAO)
VALUES (2, 'Estacao Marciana', 'Estacao Espacial', 800, 'Frequencia Marciana');

INSERT INTO BASE_ESPACIAL (PLANETA, NOME, TIPO, CAPACIDADE, CANAL_COMUNICACAO)
VALUES (3, 'Colonia Alpha Centauri', 'Colonia Espacial', 1000, 'Frequencia Alpha Centauri');

INSERT INTO BASE_ESPACIAL (PLANETA, NOME, TIPO, CAPACIDADE, CANAL_COMUNICACAO)
VALUES (4, 'Base Trappist-1', 'Estacao Orbital', 300, 'Frequencia Trappist-1');

-- alimentando a tabela MISSAO_ESPACIAL com dados
INSERT INTO MISSAO_ESPACIAL (ID, PLANETA_BASE, NOME_BASE, NOME, DATA_INICIO, DATA_FIM, DESCRICAO, TAMANHO_TRIPULACAO, OBJETIVO, DURACAO_ESTIMADA, NIVEL_PERICULOSIDADE)
VALUES (1, 1, 'Base Lunar', 'Missao Apollo 11', TO_DATE('1969-07-16', 'YYYY-MM-DD'), TO_DATE('1969-07-24', 'YYYY-MM-DD'), 'Pousar na Lua e retornar a  Terra', 3, 'Exploracao Lunar', 8, 7);

INSERT INTO MISSAO_ESPACIAL (ID, PLANETA_BASE, NOME_BASE, NOME, DATA_INICIO, DATA_FIM, DESCRICAO, TAMANHO_TRIPULACAO, OBJETIVO, DURACAO_ESTIMADA, NIVEL_PERICULOSIDADE)
VALUES (2, 2, 'Estacao Marciana', 'Missao Mars Rover', TO_DATE('2012-08-06', 'YYYY-MM-DD'), TO_DATE('2023-11-30', 'YYYY-MM-DD'), 'Exploracao da superficie de Marte com veiculo robotico', NULL, 'Exploracao Marciana', NULL, 5);

INSERT INTO MISSAO_ESPACIAL (ID, PLANETA_BASE, NOME_BASE, NOME, DATA_INICIO, DATA_FIM, DESCRICAO, TAMANHO_TRIPULACAO, OBJETIVO, DURACAO_ESTIMADA, NIVEL_PERICULOSIDADE)
VALUES (3, 3, 'Colonia Alpha Centauri', 'Missao Centauri Explorer', TO_DATE('2150-03-12', 'YYYY-MM-DD'), TO_DATE('2155-09-28', 'YYYY-MM-DD'), 'Exploracao da regiao em torno de Alpha Centauri Bb', 50, 'Exploracao Interestelar', 5, 9);

INSERT INTO MISSAO_ESPACIAL (ID, PLANETA_BASE, NOME_BASE, NOME, DATA_INICIO, DATA_FIM, DESCRICAO, TAMANHO_TRIPULACAO, OBJETIVO, DURACAO_ESTIMADA, NIVEL_PERICULOSIDADE)
VALUES (4, 4, 'Base Trappist-1', 'Missao Trappist Discovery', TO_DATE('2200-06-01', 'YYYY-MM-DD'), TO_DATE('2202-11-15', 'YYYY-MM-DD'), 'Exploracao dos planetas do sistema Trappist-1', 8, 'Exploracao Interestelar', 3, 8);


-- alimentando a tabela NAVE com dados
INSERT INTO NAVE (ID, NOME, CLASSE, MAX_TRIPULACAO, RESISTENCIA, LOC_ATUAL, PLANETA_BASE, NOME_BASE)
VALUES (1, 'Apollo 11', 'Nave de Exploracao', 3, 90, 'Lua', 1, 'Base Lunar');

INSERT INTO NAVE (ID, NOME, CLASSE, MAX_TRIPULACAO, RESISTENCIA, LOC_ATUAL, PLANETA_BASE, NOME_BASE)
VALUES (2, 'Aurora', 'Nave de Carga', NULL, 95, 'Marte', 2, 'Estacao Marciana');

INSERT INTO NAVE (ID, NOME, CLASSE, MAX_TRIPULACAO, RESISTENCIA, LOC_ATUAL, PLANETA_BASE, NOME_BASE)
VALUES (3, 'Centauri Explorer', 'Nave de Exploracao', 50, 85, 'Alpha Centauri Bb', 3, 'Colonia Alpha Centauri');

INSERT INTO NAVE (ID, NOME, CLASSE, MAX_TRIPULACAO, RESISTENCIA, LOC_ATUAL, PLANETA_BASE, NOME_BASE)
VALUES (4, 'Trappist Discovery', 'Nave de Pesquisa', 8, 80, 'Trappist-1', 4, 'Base Trappist-1');


-- alimentando a tabela AMEACA_ROTA com dados
INSERT INTO AMEACA_ROTA (ORIGEM_ROTA, DESTINO_ROTA, NOME_AMEACA)
VALUES (1, 2, 'Invasao Alienigena');

INSERT INTO AMEACA_ROTA (ORIGEM_ROTA, DESTINO_ROTA, NOME_AMEACA)
VALUES (2, 3, 'Desastre Ambiental'); 

INSERT INTO AMEACA_ROTA (ORIGEM_ROTA, DESTINO_ROTA, NOME_AMEACA)
VALUES (3, 4, 'Guerra Intergalactica'); 

INSERT INTO AMEACA_ROTA (ORIGEM_ROTA, DESTINO_ROTA, NOME_AMEACA)
VALUES (4, 5, 'Colapso do Buraco de Minhoca');


-- alimentando a tabela ROTA_MISSAO com dados
INSERT INTO ROTA_MISSAO (MISSAO, ORIGEM_ROTA, DESTINO_ROTA, ORDEM)
VALUES (1, 1, 2, 1); -- Primeira rota da Missao 1: da Terra para Marte

INSERT INTO ROTA_MISSAO (MISSAO, ORIGEM_ROTA, DESTINO_ROTA, ORDEM)
VALUES (1, 2, 3, 2); -- Segunda rota da Missao 1: de Marte para Alpha Centauri Bb

INSERT INTO ROTA_MISSAO (MISSAO, ORIGEM_ROTA, DESTINO_ROTA, ORDEM)
VALUES (1, 3, 4, 3); -- Terceira rota da Missao 1: de Alpha Centauri Bb para Trappist-1d

INSERT INTO ROTA_MISSAO (MISSAO, ORIGEM_ROTA, DESTINO_ROTA, ORDEM)
VALUES (1, 4, 5, 4);


-- alimentando a tabela AMEACA_PLANETA com dados
INSERT INTO AMEACA_PLANETA (PLANETA, AMEACA)
VALUES (1, 'Guerra Intergalactica'); 

INSERT INTO AMEACA_PLANETA (PLANETA, AMEACA)
VALUES (2, 'Invasao Alienigena');

INSERT INTO AMEACA_PLANETA (PLANETA, AMEACA)
VALUES (3, 'Desastre Ambiental'); 

INSERT INTO AMEACA_PLANETA (PLANETA, AMEACA)
VALUES (4, 'Colapso do Buraco de Minhoca');

INSERT INTO AMEACA_PLANETA (PLANETA, AMEACA)
VALUES (5, 'Virus Espacial'); 


-- alimentando a tabela RECURSO_NATURAL com dados
INSERT INTO RECURSO_NATURAL (NOME, TIPO)
VALUES ('agua', 'Liquido');

INSERT INTO RECURSO_NATURAL (NOME, TIPO)
VALUES ('agua', 'Solido');

INSERT INTO RECURSO_NATURAL (NOME, TIPO)
VALUES ('Minerio de Ferro', 'Mineral'); 

INSERT INTO RECURSO_NATURAL (NOME, TIPO)
VALUES ('Oxigenio', 'Gas'); 

INSERT INTO RECURSO_NATURAL (NOME, TIPO)
VALUES ('Titanio', 'Metal'); 

INSERT INTO RECURSO_NATURAL (NOME, TIPO)
VALUES ('Madeira', 'Organico');


-- alimentando a tabela PRODUTO com dados
INSERT INTO PRODUTO (NOME, ORIGEM, DESCRICAO, PRECO, PESO)
VALUES ('Fragmento de Estrela', 'Nebulosa Carina', 'Fragmento de estrela de neutrons colhida a partir da Nebulosa Carina.', 999.99, 0.5);

INSERT INTO PRODUTO (NOME, ORIGEM, DESCRICAO, PRECO, PESO)
VALUES ('Poeira de Cometa', 'Cinturao de Kuiper', 'A autentica poeira de cometa do cinturao de Kuiper.', 49.99, 0.1);

INSERT INTO PRODUTO (NOME, ORIGEM, DESCRICAO, PRECO, PESO)
VALUES ('Rocha Lunar Encantada', 'Lua', 'Uma rocha lunar carregada de energia mistica.', 199.99, 2.0);
  
INSERT INTO PRODUTO (NOME, ORIGEM, DESCRICAO, PRECO, PESO)
VALUES('Gas Estelar em Frasco', 'Via Lactea', 'Gas interestelar puro, coletado diretamente da Via Lactea.', 79.99, 0.3);

INSERT INTO PRODUTO (NOME, ORIGEM, DESCRICAO, PRECO, PESO)
VALUES ('Semente Extraterrestre', 'Planeta X', 'Uma semente misteriosa de uma planta alienigena. otima oportunidade para estudos botanicos.', 299.99, 0.5);

INSERT INTO PRODUTO (NOME, ORIGEM, DESCRICAO, PRECO, PESO)
VALUES('agua Extraterrestre', 'Europa (Lua de Júpiter)', 'agua liquida e pura, coletada da lua Europa de Júpiter. Uma raridade intergalactica.', 149.99, 1.5);
  
INSERT INTO PRODUTO (NOME, ORIGEM, DESCRICAO, PRECO, PESO)
VALUES ('Fosseis Marcianos', 'Marte', 'Fosseis únicos de criaturas antigas de Marte.', 349.99, 3.0);

INSERT INTO PRODUTO (NOME, ORIGEM, DESCRICAO, PRECO, PESO)
VALUES ('Amostra de Gas Nebuloso', 'Nebulosa orion', 'Uma amostra de gas nebuloso, ideal para analises espectroscopicas e estudos astroquimicos.', 899.99, 1.2);


-- alimentando a tabela RECURSO_PLANETA com dados
INSERT INTO RECURSO_PLANETA (PLANETA, NOME_REC, tipo_REC, ESTIMATIVA)
VALUES (1, 'agua', 'Liquido',1386);

INSERT INTO RECURSO_PLANETA (PLANETA, NOME_REC, tipo_REC, ESTIMATIVA)
VALUES (2, 'agua', 'Solido',978);

INSERT INTO RECURSO_PLANETA (PLANETA, NOME_REC, tipo_REC, ESTIMATIVA)
VALUES (3, 'Titanio', 'Metal',451);

INSERT INTO RECURSO_PLANETA (PLANETA, NOME_REC, tipo_REC, ESTIMATIVA)
VALUES (4, 'Minerio de Ferro', 'Mineral',1232);

INSERT INTO RECURSO_PLANETA (PLANETA, NOME_REC, tipo_REC, ESTIMATIVA)
VALUES (5, 'Oxigenio', 'Gas',200);


-- alimentando a tabela NAVE_COLONIZADORA com dados
INSERT INTO NAVE_COLONIZADORA (NAVE)
VALUES (3);

INSERT INTO NAVE_COLONIZADORA (NAVE)
VALUES (1);


-- alimentando a tabela NAVE_CARGA com dados
INSERT INTO NAVE_CARGA(NAVE, CAPACIDADE_CARGA)
VALUES (2, 20);


-- alimentando a tabela NAVE_CIENTIFICA com dados
INSERT INTO NAVE_CIENTIFICA(NAVE, CAPACIDADE_CARGA)
VALUES (4, 5);


-- alimentando a tabela PRODUTO_CIVILIZACAO com dados
INSERT INTO PRODUTO_CIVILIZACAO(NOME_CIV, CATEG_CIV, NOME_PRODUTO, ORIGEM_PRODUTO)
VALUES ('AlfaCentauriana', 'A', 'Gas Estelar em Frasco', 'Via Lactea');

INSERT INTO PRODUTO_CIVILIZACAO(NOME_CIV, CATEG_CIV, NOME_PRODUTO, ORIGEM_PRODUTO)
VALUES ('Marciana', 'H', 'Fosseis Marcianos', 'Marte');

INSERT INTO PRODUTO_CIVILIZACAO(NOME_CIV, CATEG_CIV, NOME_PRODUTO, ORIGEM_PRODUTO)
VALUES ('Marciana', 'H', 'agua Extraterrestre', 'Europa (Lua de Júpiter)');

INSERT INTO PRODUTO_CIVILIZACAO(NOME_CIV, CATEG_CIV, NOME_PRODUTO, ORIGEM_PRODUTO)
VALUES ('Trappistiana', 'H', 'Amostra de Gas Nebuloso', 'Nebulosa orion');


-- alimentando a tabela MISSAO_EXPLORACAO com dados
INSERT INTO MISSAO_EXPLORACAO (MISSAO, NIVEL_IMPACTO_AMBIENTAL, NAVE, PLANETA_BASE_DEST, NOME_BASE_DEST)
VALUES (1, 7, 1, 1, 'Base lunar');

INSERT INTO MISSAO_EXPLORACAO (MISSAO, NIVEL_IMPACTO_AMBIENTAL, NAVE, PLANETA_BASE_DEST, NOME_BASE_DEST)
VALUES (2, 5, 3, 2, 'Estacao Marciana');

INSERT INTO MISSAO_EXPLORACAO (MISSAO, NIVEL_IMPACTO_AMBIENTAL, NAVE, PLANETA_BASE_DEST, NOME_BASE_DEST)
VALUES (3, 6, 4, 5, 'Colonia Alpha Centauri');


-- alimentando a tabela MISSAO_COMERCIO com dados
INSERT INTO MISSAO_COMERCIO (MISSAO, VERBA_MAXIMA, NAVE, PLANETA_BASE_DEST, NOME_BASE_DEST)
VALUES (3, 500000, 2, 3, 'Colonia Alpha Centauri');

INSERT INTO MISSAO_COMERCIO (MISSAO, VERBA_MAXIMA, NAVE, PLANETA_BASE_DEST, NOME_BASE_DEST)
VALUES (4, 800000, 3, 4, 'Base Trappist-1');

INSERT INTO MISSAO_COMERCIO (MISSAO, VERBA_MAXIMA, NAVE, PLANETA_BASE_DEST, NOME_BASE_DEST)
VALUES (2, 300000, 4, 2, 'Estacao Marciana');


-- alimentando a tabela MISSAO_COLONIZACAO com dados
INSERT INTO MISSAO_COLONIZACAO (MISSAO, NAVE, PLANETA)
VALUES (1, 3, 3);

INSERT INTO MISSAO_COLONIZACAO (MISSAO, NAVE, PLANETA)
VALUES (2, 4, 4);

INSERT INTO MISSAO_COLONIZACAO (MISSAO, NAVE, PLANETA)
VALUES (3, 5, 5);


-- alimentando a tabela COMERCIO_PRODUTO com dados
INSERT INTO COMERCIO_PRODUTO (MISSAO, NOME_PRODUTO, ORIGEM_PRODUTO, NOME_CIV, CATEG_CIV, TIPO_COMERCIO, QUANTIDADE)
VALUES (1, 'Tecnologia Avancada', 'Colonia Alpha Centauri', 'Centauri Civilization', 'A', 'Importacao', 100);

INSERT INTO COMERCIO_PRODUTO (MISSAO, NOME_PRODUTO, ORIGEM_PRODUTO, NOME_CIV, CATEG_CIV, TIPO_COMERCIO, QUANTIDADE)
VALUES (2, 'Minerais Raros', 'Base Trappist-1', 'Trappist Federation', 'B', 'Exportacao', 50);

INSERT INTO COMERCIO_PRODUTO (MISSAO, NOME_PRODUTO, ORIGEM_PRODUTO, NOME_CIV, CATEG_CIV, TIPO_COMERCIO, QUANTIDADE)
VALUES (3, 'Equipamentos Cientificos', 'Estacao Kepler-186', 'Kepler-186 Alliance', 'C', 'Importacao', 75);


-- alimentando a tabela EQUIPAMENTOS com dados
INSERT INTO EQUIPAMENTOS (MISSAO_EXPLORACAO, EQUIPAMENTO)
VALUES (1, 'Sonda de Mapeamento');

INSERT INTO EQUIPAMENTOS (MISSAO_EXPLORACAO, EQUIPAMENTO)
VALUES (2, 'Espectrometro de Massa');

INSERT INTO EQUIPAMENTOS (MISSAO_EXPLORACAO, EQUIPAMENTO)
VALUES (3, 'Rover de Superficie'); 

COMMIT